"Type","Recipe","Sales Price","Effect","Stamina Recovery","Holiday Gift","Bazaar Trend","Favorite Gift","Loved Gift","Liked Gift","Ingredient1","Ingredient2","Ingredient3","Ingredient4","IngredientA"
"Other","Golden Blend Tea","13031","Chat Friendship Boost Lv. 4","Massive","Hearth Day","","","","","Golden Blend Tea Tin","","","","Heart Lemon|Milk +|Royal Honey"
"Sides","Kachapuri","10098","Double Forage","Massive","","","","","","Wheat Flour","Cheese +","Yogurt +","Butter +","Egg|Silkie Egg|Rice Flour|Sugar|Salt|Olive Oil|Pumpkin Oil|Grape Oil"
"Other","Specialty Juice","9511","Pet Training Up Lv. 4","Significant","","","","","","Spring Juice","Summer Juice","Autumn Juice","Royal Honey","Milk +|Fruit Yogurt|Royal Honey"
"Other","Spring Juice","935","Chat Friendship Boost Lv. 3","Slight","","","","","","Strawberry Juice","Orange Juice","Cherry Juice","","Milk|Buffalo Milk|Yogurt|Fruit Yogurt|Yogurt +|Honey|Invigorating Honey|Mellow Honey|Royal Honey"
"Other","Summer Juice","1020","Run Speed Up Lv. 3","Slight","","","","","","Banana Juice","Peach Juice","Lemon Juice","","Lemon|Milk|Buffalo Milk|Yogurt|Fruit Yogurt|Yogurt +|Honey|Invigorating Honey|Mellow Honey|Royal Honey"
"Other","Autumn Juice","1010","Pet Training Up Lv. 3","Slight","","","","","","Blueberry Juice","Grape Juice","Apple Juice","","Milk|Buffalo Milk|Yogurt|Fruit Yogurt|Yogurt +|Honey|Invigorating Honey|Mellow Honey|Royal Honey"
"Mains","Farmer's Breakfast","6957","None","Massive","","","","","","Potato","Onion","Cheese +","Mayonnaise +","Nut Oil|Herb Oil|Olive Oil|Pumpkin Oil|Grape Oil"
"Desserts","Trifle","6192","Petting Happiness Up Lv. 4","Moderate","Pumpkin Festival","","","","","Castella","Silkie Egg +","Yogurt +","Cherry|Blueberry|Green Grapes|Strawberry|Mango|Pineapple|Banana|Peach|Orange|Melon","Cookies|Herb Cookies|Walnut Cookies|Chocolate Cookies"
"Desserts","Castella","801","Petting Happiness Up Lv. 2","Slight","Pumpkin Festival","","","","","Wheat Flour","Silkie Egg","Honey|Invigorating Honey|Mellow Honey|Royal Honey","","Milk|Buffalo Milk|Rice Flour|Sugar"
"Desserts","Rüeblitorte","3258","Jump Distance Up","Moderate","Hearth Day","","","","","Wheat Flour","Silkie Egg","Three-Forked Carrot","Lemon","Almond|Milk|Buffalo Milk|Breadcrumbs"
"Mains","Supreme Curry","3724","None","Massive","","","","","","Curry Rice","Star Potato","Three-Forked Carrot","","Giant Tomato|Brawny Onion|Golden Apple|Milk +|Buffalo Milk +"
"Mains","Curry Rice","911","None","Moderate","","","","","","Cooked Rice","Curry Powder","Potato|Carrot|Onion","","Tomato|Garlic|Apple"
"Other","Happy Fruit Platter","3274","Happy Energy Gain Lv. 4","Slight","","","","","","Heart Watermelon","Cherry|Blueberry|Green Grapes|Strawberry|Mango|Pineapple|Banana|Peach|Orange|Melon","Apple|Red Grapes|Green Grapes|Strawberry|Mango|Pineapple|Banana|Peach|Orange|Melon","","Sugar|Salt|Walnut|Milk|Buffalo Milk|Honey|Invigorating Honey|Mellow Honey|Royal Honey"
"Desserts","Pineapple Pie","3130","Petting Happiness Up Lv. 4","Moderate","Pumpkin Festival","","","","","Wheat Flour","Egg|Silkie Egg","Butter|Herb Butter|Butter +","Jewel Pineapple","Lemon|Sugar|Salt"
"Other","Watermelon Tea","2793","Chat Friendship Boost Lv. 4","Slight","Hearth Day","","","","","Watermelon Tea Tin","","","","Lemon|Milk|Buffalo Milk|Honey|Invigorating Honey|Mellow Honey|Royal Honey|Sugar"
"Mains","Pizzoccheri","2784","None","Massive","","","","","","Buckwheat Flour","Cheese|Herb Cheese|Cheese +","Cabbage","Potato","Garlic|Butter|Herb Butter|Butter +|Salt"
"Desserts","Whole Cheesecake","2746","Petting Rare Item % Lv. 4","Moderate","Pumpkin Festival","","","","","Wheat Flour","Egg +|Silkie Egg +","Buffalo Milk +","Cheese|Herb Cheese|Cheese +","Lemon|Honey|Invigorating Honey|Mellow Honey|Royal Honey|Butter|Herb Butter|Butter +|Sugar|Cookies"
"Mains","Milk Hot Pot","2640","None","Massive","Hearth Day","Green-Colored Recipes","","","","Milk +","Carrot","Napa Cabbage","Spinach","Potato|Cabbage|Green Onion|Shimeji Mushroom|Butter|Herb Butter|Butter +"
"Sides","Morel Cream Stew","2592","Max Stamina Up Lv. 4","Moderate","Hearth Day","","","","","Morel Mushroom","Buffalo Milk","Butter|Herb Butter|Butter +","Urchin","Onion|Garlic|Pasta|Salt|Pepper|Nut Oil|Herb Oil|Olive Oil"
"Mains","Macaroni & Cheese","2592","None","Massive","","","","","","Wheat Flour","Cheese|Herb Cheese|Cheese +","Butter|Herb Butter|Butter +","Mayonnaise|Herb Mayonnaise|Mayonnaise +","Onion|Shimeji Mushroom|Common Mushroom|Porcini Mushroom|Morel Mushroom|Milk|Buffalo Milk|Salt|Pepper"
"Mains","Hot Pot","2487","None","Massive","Hearth Day","","","","","Daikon Radish","Napa Cabbage","Green Onion","Nile Perch|Salmon|Masu Trout|Cherry Salmon|Brown Trout|Yellow Perch|Sweetfish","Carrot|Spinach|Bok Choy|Chili Pepper|Soy Milk|Soy Sauce"
"Other","Melon Tea","2472","Chat Friendship Boost Lv. 4","Slight","Hearth Day","Green-Colored Recipes","","","","Melon Tea Tin","","","","Lemon|Milk|Buffalo Milk|Honey|Invigorating Honey|Mellow Honey|Royal Honey|Sugar"
"Salads","Caprese Salad","2429","Watering Rare Crop % Lv. 4","Slight","","","Sophie","","","Tomato","Cheese|Herb Cheese|Cheese +","Olive Oil","Salt","Avocado|Baguettes|Soy Sauce|Nut Oil|Herb Oil|Pumpkin Oil|Grape Oil|Salt"
"Mains","Raclette Cheese","1901","None","Massive","","","","","","Cheese|Herb Cheese|Cheese +","Corn","Carrot","Broccoli","Asparagus|French Fries|Toast|Butter|Herb Butter|Butter +|Salt|Pepper|Pumpkin Oil|Grape Oil"
"Sides","Quiche","1892","Max Stamina Up Lv. 4","Slight","","","","","","Wheat Flour","Spinach","Pumpkin","Shiitake Mushroom|Shimeji Mushroom|Common Mushroom|Porcini Mushroom|Morel Mushroom|Matsutake Mushroom|Monarch Mushroom","Onion|Cheese|Herb Cheese|Cheese +|Salt|Pepper|Pumpkin Oil|Grape Oil"
"Salads","Macaroni Salad","1859","Stamina Saver Lv. 4","Slight","","Green-Colored Recipes","","Sophie","","Pasta","Cucumber","Mayonnaise|Herb Mayonnaise|Mayonnaise +","Carrot","Penne Pasta|Herb Pasta|Onion|Salt|Pepper"
"Mains","Pasta Salad","1817","None","Massive","","","","","","Pasta","Mixed Salad","Mayonnaise|Herb Mayonnaise|Mayonnaise +","","Penne Pasta|Herb Pasta|Milk|Buffalo Milk|Olive Oil|Salt|Pepper|Poached Egg"
"Soups","Corn Soup","1815","Run Speed Up Lv. 4","Slight","Hearth Day","","","","","Corn","Milk|Buffalo Milk","Butter|Herb Butter|Butter +","Onion","Potato|Egg|Silkie Egg|Salt"
"Desserts","Whole Chocolate Cake","1786","Petting Rare Item % Lv. 4","Slight","Pumpkin Festival","","","","","Wheat Flour","Egg +|Silkie Egg +","Milk +|Buffalo Milk +","Chocolate","Butter|Herb Butter|Butter +|Sugar|Chocolate Cookies"
"Soups","Asparagus Soup","1728","Rod Durability Up Lv. 4","Slight","Hearth Day","Green-Colored Recipes","","","","Asparagus","Milk|Buffalo Milk","Oil|Nut Oil|Herb Oil|Olive Oil|Grape Oil","Onion","Porcini Mushroom|Morel Mushroom|Salt|Pepper|Olive Oil|Pumpkin Oil|Grape Oil"
"Other","Pineapple Tea","1716","Chat Friendship Boost Lv. 3","Slight","Hearth Day","","","","","Pineapple Tea Tin","","","","Lemon|Milk|Buffalo Milk|Honey|Invigorating Honey|Mellow Honey|Royal Honey|Sugar"
"Other","Summer Blend Tea","1674","Run Speed Up Lv. 3","Slight","Hearth Day","","","","","Summer Blend Tea Tin","","","","Lemon|Milk|Buffalo Milk|Honey|Invigorating Honey|Mellow Honey|Royal Honey|Sugar"
"Desserts","Cheesecake","1602","Petting Happiness Up Lv. 3","Slight","Pumpkin Festival","","","","","Wheat Flour","Egg|Silkie Egg","Buffalo Milk","Cheese|Herb Cheese|Cheese +","Lemon|Butter|Herb Butter|Butter +|Sugar"
"Sides","Fish & Chips","1584","Max Stamina Up Lv. 3","Slight","","","","","","Yellow Perch|Snakehead|Masu Trout|Char|Salmon|Icefish|Cherry Salmon","Potato","Wheat Flour|Rice Flour","Oil|Nut Oil|Herb Oil|Olive Oil|Grape Oil","Chili Pepper|Mayonnaise|Mayonnaise +|Vinegar|Salt|Pepper"
"Mains","Gratin","1568","None","Significant","","","","","","Wheat Flour","Cheese|Herb Cheese|Cheese +","Mayonnaise|Herb Mayonnaise|Mayonnaise +","","Onion|Shiitake Mushroom|Pasta|Butter|Herb Butter|Butter +|Salt|Pepper"
"Mains","Spaghetti Soup","1566","None","Significant","Hearth Day","","","","","Pasta","Tomato","Grayling|Bighead Carp|Nile Perch|Barbel Steed|Three-Lips Carp|Brown Trout|Black Bass|Mugitsuku","Oil|Nut Oil|Herb Oil|Olive Oil|Grape Oil","Onion|Cabbage|Soybean|Shimeji Mushroom|Mint|Nut Oil|Herb Oil|Olive Oil"
"Mains","Risotto","1552","None","Significant","","","","","","Rice","Cheese|Herb Cheese|Cheese +","Tomato","Onion","Garlic|Milk|Buffalo Milk|Butter|Herb Butter|Butter +|Olive Oil|Salt|Pepper"
"Sides","Babaocai","1509","Watering Rare Crop % Lv. 3","Slight","","Green-Colored Recipes","","","","Napa Cabbage","Carrot","Green Bell Pepper","Shiitake Mushroom|Shimeji Mushroom|Common Mushroom|Porcini Mushroom|Morel Mushroom|Matsutake Mushroom|Monarch Mushroom","Cabbage|Onion|Bok Choy|Burdock|Red Bell Pepper"
"Mains","Carpaccio","1469","None","Significant","","","","","","Yellow Perch|Snakehead|Masu Trout|Char|Salmon|Icefish|Cherry Salmon","Onion","Vinegar","","Salt|Pepper|Olive Oil"
"Desserts","Apple Pie","1458","Petting Rare Item Lv. 3","Slight","Pumpkin Festival","","","Madeleine","","Wheat Flour","Egg|Silkie Egg","Butter|Herb Butter|Butter +","Apple","Lemon|Sugar|Salt"
"Mains","Cheese Fondue","1452","None","Significant","","","","","","Cheese|Herb Cheese|Cheese +","Bread|White Bread|Baguettes|Focaccia Bread","Broccoli|Potato|Asparagus|Red Bell Pepper|Carrot|Common Mushroom|Pumpkin","","Garlic|Salt|Pepper"
"Mains","Mushroom Pasta","1449","None","Significant","","","","","","Pasta","Shiitake Mushroom|Shimeji Mushroom|Common Mushroom|Porcini Mushroom|Morel Mushroom|Matsutake Mushroom|Monarch Mushroom","Butter|Herb Butter|Butter +","","Green Onion|Garlic|Salt|Pepper|Soy Sauce|Olive Oil|Cheese|Herb Cheese|Cheese +"
"Mains","Inari Sushi","1427","None","Significant","","","","","","Cooked Rice","Fried Tofu","Vinegar","Sugar","Carrot|Burdock|Soybean|Shiitake Mushroom|Soy Sauce"
"Mains","Spicy Curry","1424","None","Significant","","","Felix","","","Cooked Rice","Curry Powder","Spice","Potato|Carrot|Onion","Tomato|Garlic|Apple"
"Desserts","Steamed Cake","1422","Petting Happiness Up Lv. 3","Slight","Pumpkin Festival","","","","","Wheat Flour","Egg|Silkie Egg","Milk|Buffalo Milk","Pumpkin","Sweet Potato|Butter|Herb Butter|Butter +|Rice Flour|Sugar"
"Mains","Omelet Rice","1410","None","Significant","","","","","","Omelet","Cooked Rice","","","Onion|Tomato|Milk|Buffalo Milk|Butter|Herb Butter|Butter +|Salt|Pepper|Oil"
"Mains","Spaghetti Peperoncino","1410","None","Significant","","","","","","Pasta","Chili Pepper","Garlic","Oil|Nut Oil|Herb Oil|Olive Oil|Grape Oil","Shimeji Mushroom|Common Mushroom|Salt|Soy Sauce|Pepper|Cheese|Herb Cheese|Cheese +"
"Desserts","Cherry Pie","1404","Petting Happiness Up Lv. 3","Slight","Pumpkin Festival","","","Madeleine","","Wheat Flour","Egg|Silkie Egg","Butter|Herb Butter|Butter +","Cherry","Lemon|Sugar|Salt"
"Sides","Steamed Bun","1377","Max Stamina Up Lv. 3","Slight","","","","","","Wheat Flour","Napa Cabbage","Shiitake Mushroom","Green Onion","Sugar|Salt|Pepper|Oil"
"Desserts","Strawberry Pie","1368","Petting Happiness Up Lv. 3","Slight","Pumpkin Festival","","","Madeleine","","Wheat Flour","Egg|Silkie Egg","Butter|Herb Butter|Butter +","Strawberry","Lemon|Sugar|Salt"
"Sides","Gyoza","1353","Max Stamina Up Lv. 3","Slight","","","","","","Wheat Flour","Cabbage","Oil|Nut Oil|Herb Oil|Olive Oil|Grape Oil","","Napa Cabbage|Soy Sauce|Sugar|Salt|Pepper|Miso|Vinegar"
"Desserts","Whole Cake","1350","Petting Rare Item % Lv. 3","Slight","Pumpkin Festival","","","","","Wheat Flour","Egg +|Silkie Egg +","Milk +|Buffalo Milk +","Strawberry","Butter|Herb Butter|Butter +|Sugar|Chocolate"
"Mains","Jam-Filled Bun","1339","None","Significant","","","","","","Wheat Flour","Apple Jam|Strawberry Jam|Grape Jam|Blueberry Jam","","","Milk|Buffalo Milk|Butter|Herb Butter|Butter +|Sugar|Salt"
"Mains","Milk Curry","1334","None","Significant","","","","","","Cooked Rice","Curry Powder","Milk|Buffalo Milk","Potato|Carrot|Onion","Tomato|Garlic|Apple|Butter|Herb Butter|Butter +|Cheese|Herb Cheese|Cheese +"
"Desserts","Donuts","1332","Petting Happiness Up Lv. 3","Slight","Pumpkin Festival","","","","","Wheat Flour","Egg|Silkie Egg","Sugar","Oil|Nut Oil|Herb Oil|Olive Oil|Grape Oil","Milk|Buffalo Milk|Butter|Herb Butter|Butter +"
"Desserts","Churros","1332","Petting Happiness Up Lv. 3","Slight","Pumpkin Festival","","","","","Wheat Flour","Egg|Silkie Egg","Oil|Nut Oil|Herb Oil|Olive Oil|Grape Oil","Sugar","Honey|Invigorating Honey|Mellow Honey|Royal Honey|Butter|Herb Butter|Butter +|Chocolate"
"Mains","Burgundy Fondue","1325","None","Significant","","","","","","Olive Oil","Bread|White Bread|Baguettes|Focaccia Bread","Broccoli|Potato|Asparagus|Red Bell Pepper|Carrot|Common Mushroom|Pumpkin","","Garlic|Salt|Pepper"
"Soups","Pumpkin Soup","1320","Run Speed Up Lv. 3","Slight","Hearth Day","","","","","Pumpkin","Milk|Buffalo Milk","Onion","","Butter|Herb Butter|Butter +|Salt|Pepper"
"Sides","Cheese Bun","1320","Chat Friendship Boost Lv. 3","Slight","","","","","","Wheat Flour","Butter|Herb Butter|Butter +","Buffalo Milk","","Garlic|Milk|Buffalo Milk|Sugar|Salt|Pepper|Oil"
"Mains","Fried Rice","1316","None","Significant","","","","","","Cooked Rice","Egg|Silkie Egg","Onion","Carrot","Cabbage|Green Bell Pepper|Green Onion|Soy Sauce|Salt|Pepper"
"Salads","Guacamole Salad","1309","Stamina Saver Lv. 3","Slight","","Green-Colored Recipes","","Sophie","","Avocado","Onion","Tomato","Salt","Lemon|Salt|Pepper"
"Mains","Rainbow Curry","1304","None","Significant","","Green-Colored Recipes","","","","Cooked Rice","Curry Powder","Spinach","Red Bell Pepper","Tomato|Garlic|Apple"
"Other","Spring Blend Tea","1287","Chat Friendship Boost Lv. 3","Slight","Hearth Day","","","","","Spring Blend Tea Tin","","","","Lemon|Milk|Buffalo Milk|Honey|Invigorating Honey|Mellow Honey|Royal Honey|Sugar"
"Sides","Stir-Fried Vegetables","1276","Max Stamina Up Lv. 3","Slight","","Green-Colored Recipes","","","","Cabbage","Napa Cabbage","","","Carrot|Green Bell Pepper|Asparagus|Pumpkin|Salt|Pepper"
"Desserts","Chocolate Cake","1242","Petting Happiness Up Lv. 3","Slight","Pumpkin Festival","","","","","Wheat Flour","Egg|Silkie Egg","Milk|Buffalo Milk","Chocolate","Cacao Bean|Butter|Herb Butter|Butter +|Matcha Tea"
"Desserts","Baumkuchen","1242","Petting Happiness Up Lv. 3","Slight","Pumpkin Festival","","","","","Wheat Flour","Egg|Silkie Egg","Milk|Buffalo Milk","Sugar","Honey|Invigorating Honey|Mellow Honey|Royal Honey|Butter|Herb Butter|Butter +"
"Other","Happy Chef Salad","1233","Happy Energy Gain Lv. 3","Slight","","","","","","Egg|Silkie Egg","Corn","Onion","Cucumber|Onion|Asparagus|Tomato|Red Bell Pepper|Carrot|Turnip|Sweet Potato|Pumpkin|Eggplant","Sugar|Salt|Walnut|Milk|Buffalo Milk|Honey|Invigorating Honey|Mellow Honey|Royal Honey"
"Sides","Stuffed Cabbage","1213","Max Stamina Up Lv. 3","Slight","","Green-Colored Recipes","","","","Cabbage","Carrot","","","Salt|Pepper|Nut Oil|Herb Oil|Olive Oil|Pumpkin Oil|Grape Oil"
"Mains","Fried Matsutake Mushrooms","1200","None","Significant","","","","","","Matsutake Mushroom","","","","Salt|Pepper|Pumpkin Oil|Grape Oil"
"Salads","Poke","1197","Watering Rare Crop % Lv. 3","Slight","","Green-Colored Recipes","","Clara|Sophie","","Avocado","Salmon","Soy Sauce","","Onion|Green Onion|Oil"
"Mains","Rice Gratin","1188","None","Significant","","","","","","Rice","Cheese|Herb Cheese|Cheese +","Buffalo Milk","","Onion|Shimeji Mushroom|Common Mushroom|Porcini Mushroom|Morel Mushroom|Butter|Herb Butter|Butter +|Salt|Pepper"
"Mains","Herb Bread","1182","None","Significant","","","","","","Wheat Flour","Herb Butter","","","Milk|Buffalo Milk|Butter|Herb Butter|Butter +|Sugar|Salt"
"Sides","Scones","1155","Max Stamina Up Lv. 3","Slight","","","","","","Wheat Flour","Butter|Herb Butter|Butter +","Milk|Buffalo Milk","","Grape Jam|Apple Jam|Blueberry Jam|Strawberry Jam"
"Mains","Tempura","1152","None","Significant","","","","","","Wheat Flour","Oil|Nut Oil|Herb Oil|Olive Oil|Grape Oil","Egg|Silkie Egg","Shiitake Mushroom|Pumpkin|Eggplant|Sweet Potato|Icefish|Pond Smelt","Daikon Radish|Salt"
"Desserts","Pancakes","1152","Petting Happiness Up Lv. 3","Slight","Pumpkin Festival","","","","","Wheat Flour","Egg|Silkie Egg","Milk|Buffalo Milk","Honey|Invigorating Honey|Mellow Honey|Royal Honey","Butter|Herb Butter|Butter +|Sugar"
"Mains","Paella","1151","None","Significant","","","","","","Cooked Rice","Grayling|Bighead Carp|Nile Perch|Barbel Steed|Three-Lips Carp|Brown Trout|Black Bass|Mugitsuku","Red Bell Pepper","Spice","Tomato|Common Mushroom|Porcini Mushroom|Morel Mushroom|Olive Oil|Salt|Pepper"
"Mains","Boiled Tofu","1147","None","Significant","Hearth Day","","","","","Tofu","Napa Cabbage","Shiitake Mushroom|Shimeji Mushroom|Common Mushroom|Porcini Mushroom|Morel Mushroom|Matsutake Mushroom|Monarch Mushroom","","Spinach|Bok Choy|Daikon Radish|Green Onion|Soy Sauce|Vinegar"
"Mains","Pizza","1142","None","Significant","","","","","","Wheat Flour","Tomato","Cheese|Herb Cheese|Cheese +","","Green Bell Pepper|Onion|Asparagus|Corn|Pineapple"
"Sides","Galette","1122","Max Stamina Up Lv. 3","Slight","","","","","","Buckwheat Flour","Potato","Oil|Nut Oil|Herb Oil|Olive Oil|Grape Oil","","Egg|Silkie Egg|Cheese|Herb Cheese|Cheese +|Olive Oil|Pumpkin Oil|Grape Oil|Salt|Pepper"
"Sides","Cream Croquettes","1098","Chat Friendship Boost Lv. 3","Slight","","","","","","Potato","Breadcrumb|White Breadcrumb","Oil|Nut Oil|Herb Oil|Olive Oil|Grape Oil","Milk|Buffalo Milk","Onion|Cabbage|Egg|Silkie Egg|Sugar|Salt|Pepper"
"Desserts","Fruit Dumplings","1089","Petting Happiness Up Lv. 3","Slight","Pumpkin Festival","","","Madeleine","","Refined Rice Flour","Cherry|Blueberry|Green Grapes|Strawberry|Mango|Pineapple|Banana|Peach|Orange|Melon","Cherry|Blueberry|Green Grapes|Strawberry|Mango|Pineapple|Banana|Peach|Orange|Melon","","Mint|Sugar"
"Mains","Meunière Fish","1073","None","Significant","","","","","","Grayling|Bighead Carp|Nile Perch|Barbel Steed|Three-Lips Carp|Brown Trout|Black Bass|Mugitsuku","Wheat Flour","Oil|Nut Oil|Herb Oil|Olive Oil|Grape Oil","","Lemon|Butter|Herb Butter|Butter +|Olive Oil"
"Sides","Buttered Roll","1056","Max Stamina Up Lv. 3","Slight","","","","","","Wheat Flour","Egg|Silkie Egg","Butter|Herb Butter|Butter +","","Milk|Buffalo Milk|Sugar|Salt"
"Mains","Rice & Mixed Vegetables","1052","None","Significant","","","","","","Rice","Fried Tofu","Carrot","","Daikon Radish|Burdock|Shimeji Mushroom|Shiitake Mushroom|Soy Sauce|Salt"
"Soups","Onion Soup","1024","Rod Durability Up Lv. 3","Slight","Hearth Day","","","","","Onion","Butter|Herb Butter|Butter +","","","Garlic|Salt|Pepper|Baguettes"
"Desserts","Sweet Potato Cakes","932","Petting Happiness Up Lv. 2","Slight","Pumpkin Festival","","","","","Milk|Buffalo Milk","Sugar","Sweet Potato","","Egg|Silkie Egg|Butter|Herb Butter|Butter +|Salt"
"Other","Apple Jam","932","Pet Training Up Lv. 2","Slight","","","","","","Apple","Sugar","Lemon","","Honey|Invigorating Honey|Mellow Honey|Royal Honey"
"Sides","Shumai Dumplings","924","Rod Durability Up Lv. 2","Slight","","","","","","Wheat Flour","Onion","Bluegill|Willow Shiner|Killifish|Stone Moroko|Pond Smelt|Sweetfish|Eel|Marbled Eel|Goldfish|Crucian Carp","","Soybean|Sugar|Soy Sauce|Salt|Pepper"
"Mains","Vegetable Curry","911","None","Moderate","","","","Madeleine","","Cooked Rice","Curry Powder","Cucumber|Onion|Asparagus|Tomato|Red Bell Pepper|Carrot|Turnip|Sweet Potato|Pumpkin|Eggplant","","Garlic|Apple"
"Sides","Chili con Carne","911","Max Stamina Up Lv. 2","Slight","Hearth Day","","","","","Tomato","Soybean","Chili Pepper","Pepper","Cheese|Herb Cheese|Cheese +"
"Sides","Grilled Corn","886","Watering Rare Crop % Lv. 2","Slight","","","","","","Corn","Soy Sauce","Sugar","","Garlic|Butter|Herb Butter|Butter +|Oil"
"Sides","Sautéed Turnips","882","Max Stamina Up Lv. 2","Slight","","","","","","Turnip","Butter|Herb Butter|Butter +","","","Garlic|Salt|Pepper|Oil|Nut Oil|Herb Oil|Olive Oil|Miso"
"Mains","Mushroom Rice","874","None","Moderate","","","","","","Rice","Shiitake Mushroom|Shimeji Mushroom|Common Mushroom|Porcini Mushroom|Morel Mushroom|Matsutake Mushroom|Monarch Mushroom","Shiitake Mushroom|Shimeji Mushroom|Common Mushroom|Porcini Mushroom|Morel Mushroom|Matsutake Mushroom|Monarch Mushroom","Shiitake Mushroom|Shimeji Mushroom|Common Mushroom|Porcini Mushroom|Morel Mushroom|Matsutake Mushroom|Monarch Mushroom","Green Onion|Fried Tofu|Soy Sauce|Salt"
"Mains","Chirashi Sushi","867","None","Moderate","","","","","","Sashimi","Cooked Rice","Vinegar","Egg|Silkie Egg","Carrot|Shiitake Mushroom|Soybean|Soy Sauce|Sugar|Salt|Seaweed"
"Sides","Focaccia Bread","843","Max Stamina Up Lv. 2","Slight","","","","","","Wheat Flour","Olive Oil","","","Tomato|Cheese|Herb Cheese|Cheese +|Sugar|Salt"
"Other","Cherry Tea","842","Pet Training Up Lv. 2","Slight","Hearth Day","","","","","Cherry Tea Tin","","","","Lemon|Milk|Buffalo Milk|Honey|Invigorating Honey|Mellow Honey|Royal Honey|Sugar"
"Desserts","Baked Apple","838","Petting Happiness Up Lv. 2","Slight","Pumpkin Festival","","","Madeleine","","Apple","Butter|Herb Butter|Butter +","","","Honey|Invigorating Honey|Mellow Honey|Royal Honey|Sugar"
"Mains","Bouillabaisse","835","None","Moderate","Hearth Day","","","","","Tomato","Grayling|Bighead Carp|Nile Perch|Barbel Steed|Three-Lips Carp|Brown Trout|Black Bass|Mugitsuku","Oil|Nut Oil|Herb Oil|Olive Oil|Grape Oil","","Onion|Garlic|Salt|Pepper|Nut Oil|Herb Oil|Olive Oil"
"Desserts","Ice Cream","832","Petting Happiness Up Lv. 2","Slight","Pumpkin Festival","","","","","Milk|Buffalo Milk","Egg|Silkie Egg","Sugar","","Mint|Chocolate|Black Tea"
"Desserts","Chocolate Cookies","832","Petting Rare Item % Lv. 2","Slight","Pumpkin Festival","","","","","Wheat Flour","Egg|Silkie Egg","Chocolate","","Milk|Buffalo Milk|Butter|Herb Butter|Butter +|Sugar"
"Other","Banana Tea","832","Pet Training Up Lv. 2","Slight","Hearth Day","","","","","Banana Tea Tin","","","","Lemon|Milk|Buffalo Milk|Honey|Invigorating Honey|Mellow Honey|Royal Honey|Sugar"
"Other","Lemon Tea","822","Pet Training Up Lv. 2","Slight","","","","","","Lemon Tea Tin","","","","Lemon|Milk|Buffalo Milk|Honey|Invigorating Honey|Mellow Honey|Royal Honey|Sugar"
"Mains","Herb Sandwich","817","None","Moderate","","","","","","Bread|White Bread|Baguettes|Focaccia Bread","Mint|Chamomile|Lavender","Mayonnaise|Herb Mayonnaise|Mayonnaise +","","Tomato|Onion|Mayonnaise|Herb Mayonnaise|Mayonnaise +|Nut Oil|Herb Oil|Olive Oil"
"Mains","Steamed Mushrooms","809","None","Moderate","","","","","","Shiitake Mushroom|Shimeji Mushroom|Common Mushroom|Porcini Mushroom|Morel Mushroom|Matsutake Mushroom|Monarch Mushroom","Butter|Herb Butter|Butter +","","","Salt|Pepper|Nut Oil|Herb Oil|Olive Oil"
"Mains","Tofu Steak","809","None","Massive","","","","","","Tofu","Wheat Flour|Rice Flour","Oil|Nut Oil|Herb Oil|Olive Oil|Grape Oil","","Green Onion|Soy Sauce|Sugar"
"Mains","Milk Rice Porridge","801","None","Moderate","","","","","","Rice","Salt","Milk|Buffalo Milk","","Onion|Shiitake Mushroom|Shimeji Mushroom|Butter|Herb Butter|Butter +|Salt|Pepper"
"Other","Café au Lait","780","Chat Friendship Boost Lv. 2","Slight","Hearth Day","","","","","Hot Coffee","Milk|Buffalo Milk","","","Butter|Herb Butter|Butter +|Chocolate|Soy Milk|Ice Cream"
"Soups","Radish Soup","770","Rod Durability Up Lv. 2","Slight","Hearth Day","","","","","Radish","Milk|Buffalo Milk","Salt","","Onion|Butter|Herb Butter|Butter +|Pepper"
"Sides","Stew","770","Chat Friendship Boost Lv. 2","Slight","Hearth Day","Green-Colored Recipes","","","","Wheat Flour","Milk|Buffalo Milk","Potato|Asparagus|Carrot|Cabbage|Turnip|Cauliflower","","Cheese|Herb Cheese|Cheese +|Butter|Herb Butter|Butter +|Salt|Pepper"
"Desserts","Honey Cake","755","Petting Rare Item % Lv. 2","Slight","Honey Day, Pumpkin Festival","","","","","Wheat Flour","Egg +|Silkie Egg +","Honey|Invigorating Honey|Mellow Honey|Royal Honey","","Honey|Invigorating Honey|Mellow Honey|Royal Honey|Chamomile"
"Sides","Steamed Egg Custard","747","Max Stamina Up Lv. 2","Slight","","","","","","Egg|Silkie Egg","Shiitake Mushroom","Fish Cake","","Spinach|Carrot|Broccoli|Soybean|Shimeji Mushroom|Salt"
"Desserts","Chocolate-Covered Banana","735","Petting Rare Item Lv. 2","Slight","Pumpkin Festival","","","","","Banana","Chocolate","","","Sugar|Oil"
"Mains","Fried Onigiri","735","None","Moderate","","","","","","Onigiri","Soy Sauce","","","Seaweed|Green Tea|Sencha Tea"
"Mains","Omelet","721","None","Moderate","","","","","","Egg|Silkie Egg","Butter|Herb Butter|Butter +","","","Onion|Tomato|Milk|Buffalo Milk|Salt|Pepper"
"Soups","Vichyssoise Soup","709","Run Speed Up Lv. 2","Slight","","","","","","Potato","Onion","Milk|Buffalo Milk","","Butter|Herb Butter|Butter +|Salt|Pepper"
"Sides","Croquettes","709","Chat Friendship Boost Lv. 2","Slight","","","","","","Potato","Breadcrumbs|White Breadcrumbs","Oil|Nut Oil|Herb Oil|Olive Oil|Grape Oil","","Onion|Cabbage|Egg|Silkie Egg|Sugar|Salt|Pepper"
"Salads","Mashed Potatoes","677","Watering Rare Crop % Lv. 2","Slight","","","","Sophie","","Potato","Butter|Herb Butter|Butter +","","","Milk|Buffalo Milk|Mint|Salt|Pepper"
"Sides","Buttered Potato","677","Max Stamina Up Lv. 2","Slight","","","","","","Potato","Butter|Herb Butter|Butter +","","","Corn|Garlic|Soy Sauce|Salt|Seaweed|Urchin"
"Other","Happy Mushroom Fry","662","Happy Energy Gain Lv. 2","Slight","","","","","","Shiitake Mushroom|Shimeji Mushroom|Common Mushroom|Porcini Mushroom|Morel Mushroom|Matsutake Mushroom|Monarch Mushroom","Salt","","","Sugar|Salt|Walnut|Milk|Buffalo Milk|Honey|Invigorating Honey|Mellow Honey|Royal Honey"
"Sides","Baguettes","662","Max Stamina Up Lv. 2","Slight","","","","","","Wheat Flour","Salt","","","Nut Oil|Herb Oil|Olive Oil|Pumpkin Oil|Grape Oil"
"Mains","Sushi","657","None","Moderate","","","","","","Sashimi","Cooked Rice","Vinegar","","Cucumber|Soy Sauce|Sugar|Salt|Seaweed"
"Mains","Tomato Fondue","650","None","Moderate","","","","","","Tomato","Bread|White Bread|Baguettes|Focaccia Bread","Broccoli|Potato|Asparagus|Red Bell Pepper|Carrot|Common Mushroom|Pumpkin","","Garlic|Salt|Pepper"
"Mains","Herb Rice Porridge","647","None","Moderate","","Green-Colored Recipes","","","","Rice","Salt","Mint|Chamomile|Lavender","","Green Onion|Egg|Silkie Egg"
"Mains","Fruit Sandwich","647","None","Moderate","","Green-Colored Recipes","Madeleine","","","Bread|White Bread|Baguettes|Focaccia Bread","Cherry|Blueberry|Green Grapes|Strawberry|Mango|Pineapple|Banana|Peach|Orange|Melon","Cherry|Blueberry|Green Grapes|Strawberry|Mango|Pineapple|Banana|Peach|Orange|Melon","","Milk|Buffalo Milk|Mint|Chocolate|Sugar"
"Other","Orange Tea","642","Pet Training Up Lv. 2","Slight","Hearth Day","","","","","Orange Tea Tin","","","","Lemon|Milk|Buffalo Milk|Honey|Invigorating Honey|Mellow Honey|Royal Honey|Sugar"
"Sides","Hash Browns","632","Max Stamina Up Lv. 2","Slight","","","","","","Potato","Wheat Flour","Oil|Nut Oil|Herb Oil|Olive Oil|Grape Oil","","Tomato|Mayonnaise|Herb Mayonnaise|Mayonnaise +|Wheat Flour|Salt|Pepper"
"Desserts","Strawberry Mochi","618","Petting Happiness Up Lv. 2","Slight","Pumpkin Festival","","","Madeleine","","Mochi","Strawberry","","","Refined Rice Flour|Sugar|Salt"
"Mains","Herb Pasta","616","None","Moderate","","","","","","Wheat Flour","Mint|Chamomile|Lavender","Oil|Nut Oil|Herb Oil|Olive Oil|Grape Oil","","Tomato|Cucumber|Garlic|Avocado|Cheese|Herb Cheese|Cheese +"
"Sides","Steamed Muffin","609","Max Stamina Up Lv. 2","Slight","","","","","","Wheat Flour","Egg|Silkie Egg","Sweet Potato","","Milk|Buffalo Milk|Sugar|Salt"
"Sides","Sautéed Cauliflower","602","Max Stamina Up Lv. 2","Slight","","","","","","Cauliflower","","","","Garlic|Nut Oil|Herb Oil|Olive Oil|Salt|Pepper"
"Desserts","Cake","601","Petting Happiness Up Lv. 2","Slight","Pumpkin Festival","","","","","Wheat Flour","Egg|Silkie Egg","Milk|Buffalo Milk","","Strawberry|Lemon|Mango|Cheese|Herb Cheese|Cheese +|Butter|Herb Butter|Butter +"
"Desserts","Egg Tart","601","Petting Happiness Up Lv. 2","Slight","Pumpkin Festival","","","","","Egg|Silkie Egg","Milk|Buffalo Milk","Wheat Flour","","Sugar|Butter|Herb Butter|Butter +|Almond"
"Other","Blueberry Tea","601","Pet Training Up Lv. 2","Slight","Hearth Day","","","","","Blueberry Tea Tin","","","","Lemon|Milk|Buffalo Milk|Honey|Invigorating Honey|Mellow Honey|Royal Honey|Sugar"
"Salads","Marinated Peppers","598","Stamina Saver Lv. 2","Slight","","","","Sophie","","Red Bell Pepper","Vinegar","Oil|Nut Oil|Herb Oil|Olive Oil|Grape Oil","","Radish|Onion|Olive Oil|Honey|Invigorating Honey|Mellow Honey|Royal Honey"
"Desserts","Dango","588","Petting Happiness Up Lv. 2","Slight","Pumpkin Festival","","","","","Refined Rice Flour","","","","Rice Flour|Soybean Flour|Sugar"
"Other","Strawberry Tea","586","Chat Friendship Boost Lv. 2","Slight","Hearth Day","","","","","Strawberry Tea Tin","","","","Lemon|Milk|Buffalo Milk|Honey|Invigorating Honey|Mellow Honey|Royal Honey|Sugar"
"Other","Olive Tea","586","Pet Training Up Lv. 2","Slight","Hearth Day","Green-Colored Recipes","","","","Olive Tea Tin","","","","Lemon|Milk|Buffalo Milk|Honey|Invigorating Honey|Mellow Honey|Royal Honey|Sugar"
"Sides","Broccoli & Garlic Sauté","563","Max Stamina Up Lv. 2","Slight","","Green-Colored Recipes","","Clara","","Broccoli","Garlic","Oil|Nut Oil|Herb Oil|Olive Oil|Grape Oil","","Soy Sauce|Salt|Pepper|Nut Oil|Herb Oil|Olive Oil|Grape Oil"
"Mains","Rice Porridge","544","None","Moderate","","","","","","Rice","Salt","","","Green Onion|Egg|Silkie Egg"
"Desserts","Walnut Cookies","524","Petting Happiness Up Lv. 2","Slight","Pumpkin Festival","","","","","Wheat Flour","Egg|Silkie Egg","Walnut","","Milk|Buffalo Milk|Butter|Herb Butter|Butter +|Sugar"
"Sides","Popcorn","508","Chat Friendship Boost Lv. 2","Slight","Pumpkin Festival","","","","","Corn","Oil|Nut Oil|Herb Oil|Olive Oil|Grape Oil","","","Butter|Herb Butter|Butter +|Salt|Curry Powder|Honey|Invigorating Honey|Mellow Honey|Royal Honey"
"Desserts","Soy Milk Pudding","501","Petting Happiness Up Lv. 2","Slight","Pumpkin Festival","","Kagetsu","","","Milk|Buffalo Milk","Egg|Silkie Egg","Soy Milk","","Honey|Invigorating Honey|Mellow Honey|Royal Honey|Sugar"
"Soups","Gazpacho Soup","490","Run Speed Up Lv. 1","Slight","","","","","","Tomato","Garlic","Bread|White Bread|Baguettes|Focaccia Bread","","Cucumber|Onion|Green Bell Pepper|Olive Oil|Salt"
"Mains","Simmered Fish","451","None","Moderate","","","","","","Bluegill|Willow Shiner|Killifish|Stone Moroko|Pond Smelt|Sweetfish|Eel|Marbled Eel|Goldfish|Crucian Carp","Soy Sauce","","","Green Onion|Burdock|Sugar"
"Other","Lavender Tea","448","Chat Friendship Boost Lv. 1","Slight","Hearth Day","","","","","Lavender Tea Tin","","","","Lemon|Honey|Invigorating Honey|Mellow Honey|Royal Honey|Sugar"
"Sides","Potato Pancakes","429","Max Stamina Up Lv. 1","Slight","","","","","","Potato","Wheat Flour","Egg|Silkie Egg","","Onion|Sugar|Salt|Nut Oil|Herb Oil|Olive Oil"
"Other","Pineapple Juice","429","Chat Friendship Boost Lv. 1","Slight","","","","","","Pineapple","","","","Lemon|Milk|Buffalo Milk|Yogurt|Fruit Yogurt|Yogurt +|Honey|Invigorating Honey|Mellow Honey|Royal Honey"
"Desserts","Herb Cookies","415","Petting Happiness Up Lv. 1","Slight","Pumpkin Festival","","","","","Wheat Flour","Egg|Silkie Egg","Mint|Chamomile|Lavender","","Milk|Buffalo Milk|Butter|Herb Butter|Butter +|Sugar"
"Salads","Mixed Salad","404","Stamina Saver Lv. 1","Slight","","Green-Colored Recipes","","Sophie","","Tomato","Cucumber","Cucumber|Onion|Asparagus|Tomato|Red Bell Pepper|Carrot|Turnip|Sweet Potato|Pumpkin|Eggplant","","Avocado|Corn|Cheese|Herb Cheese|Cheese +"
"Other","Black Tea","401","Watering Rare Crop % Lv. 1","Slight","Hearth Day","","","","","Black Tea Tin","","","","Lemon|Milk|Buffalo Milk|Honey|Invigorating Honey|Mellow Honey|Royal Honey|Sugar"
"Other","Sencha Tea","401","Chat Friendship Boost Lv. 1","Slight","Hearth Day","Green-Colored Recipes","","","Madeleine","Sencha Tea Tin","","","","Milk|Buffalo Milk|Sugar"
"Other","Oolong Tea","401","Chat Friendship Boost Lv. 1","Slight","Hearth Day","","","","Madeleine","Oolong Tea Tin","","","","Milk|Buffalo Milk|Sugar|Mint|Chamomile"
"Other","Pu'er Tea","401","Chat Friendship Boost Lv. 1","Slight","Hearth Day","","","","Madeleine","Pu'er Tea Tin","","","","Milk|Buffalo Milk|Sugar"
"Sides","Fried Egg","396","Max Stamina Up Lv. 1","Slight","","","","","","Egg|Silkie Egg","Oil|Nut Oil|Herb Oil|Olive Oil|Grape Oil","","","Tomato|Mayonnaise|Herb Mayonnaise|Mayonnaise +|Soy Sauce|Salt|Pepper"
"Desserts","Toasted Mochi","390","Petting Happiness Up Lv. 1","Slight","Pumpkin Festival","","","","","Mochi","","","","Soybean Flour|Sugar|Soy Sauce|Seaweed"
"Desserts","Chestnut Paste","390","Petting Happiness Up Lv. 1","Slight","Pumpkin Festival","","","","","Bottled Chestnuts","","","","Sweet Potato|Sugar|Salt"
"Other","Chestnut Juice","390","Chat Friendship Boost Lv. 1","Slight","","","","","","Bottled Chestnuts","","","","Milk|Buffalo Milk|Sugar|Chocolate|Soybean Flour"
"Other","Hot Coffee","380","Chat Friendship Boost Lv. 1","Slight","Hearth Day","","","","Madeleine","Coffee Pack","","","","Butter|Herb Butter|Butter +|Sugar|Chocolate|Soy Milk|Ice Cream"
"Mains","Sandwich","375","None","Moderate","","Green-Colored Recipes","","","","Bread|White Bread|Baguettes|Focaccia Bread","Tomato","Cucumber","","Boiled Egg|Cheese|Herb Cheese|Cheese +|Butter|Herb Butter|Butter +|Mayonnaise|Herb Mayonnaise|Mayonnaise +"
"Mains","Onigiri","370","None","Moderate","","","","","","Cooked Rice","Seaweed","","","Soybean|Shimeji Mushroom|Matsutake Mushroom|Salmon|Salt"
"Other","Matcha Tea","364","Chat Friendship Boost Lv. 1","Slight","Hearth Day","Green-Colored Recipes","","","Madeleine","Matcha Tea Tin","","","","Milk|Buffalo Milk|Sugar"
"Sides","French Fries","355","Chat Friendship Boost Lv. 1","Slight","","","","","","Potato","Oil|Nut Oil|Herb Oil|Olive Oil|Grape Oil","","","Tomato|Mayonnaise|Herb Mayonnaise|Mayonnaise +|Wheat Flour|Salt|Pepper"
"Other","Mint Tea","344","Chat Friendship Boost Lv. 1","Slight","Hearth Day","","","","","Mint Tea Tin","","","","Lemon|Honey|Invigorating Honey|Mellow Honey|Royal Honey|Sugar"
"Other","Chamomile Tea","344","Chat Friendship Boost Lv. 1","Slight","Hearth Day","","","","","Chamomile Tea Tin","","","","Lemon|Honey|Invigorating Honey|Mellow Honey|Royal Honey|Sugar"
"Mains","Fried Eggplant","342","None","Moderate","","","","","","Eggplant","Oil|Nut Oil|Herb Oil|Olive Oil|Grape Oil","","","Green Onion|Soy Sauce|Salt"
"Mains","Chestnut Rice","329","None","Moderate","","","","","","Cooked Rice","Chestnut","","","Sweet Potato|Bottled Chestnuts|Salt"
"Mains","Pasta","328","None","Moderate","","","","","","Wheat Flour","Egg|Silkie Egg","","","Tomato|Cucumber|Garlic|Eggplant|Cheese|Herb Cheese|Cheese +"
"Desserts","Pudding","328","Petting Rare Item % Lv. 1","Slight","Pumpkin Festival","","","","","Milk|Buffalo Milk","Egg|Silkie Egg","","","Sugar|Butter|Herb Butter|Butter +"
"Desserts","Cookies","328","Petting Rare Item % Lv. 1","Slight","Pumpkin Festival","","","","","Wheat Flour","Egg|Silkie Egg","","","Milk|Buffalo Milk|Butter|Herb Butter|Butter +|Sugar"
"Salads","Onion Salad","325","Watering Rare Crop % Lv. 1","Slight","","","","Sophie","","Onion","","","","Cucumber|Tomato|Turnip"
"Other","Honey Juice","325","Stamina Saver Lv. 1","Slight","","","","","","Honey|Invigorating Honey|Mellow Honey|Royal Honey","","","","Lemon|Milk|Buffalo Milk|Yogurt|Fruit Yogurt|Yogurt +"
"Sides","Poached Egg","301","Chat Friendship Boost Lv. 1","Slight","","","","","","Egg|Silkie Egg","Soy Sauce","","","Green Onion|Nut Oil|Herb Oil|Olive Oil|Salt"
"Salads","Turnip Salad","260","Stamina Saver Lv. 1","Slight","","Green-Colored Recipes","","Sophie","","Turnip","","","","Cucumber|Tomato|Red Bell Pepper"
"Other","Walnut Juice","260","Chat Friendship Boost Lv. 1","Slight","","","","","","Bottled Walnuts","","","","Banana|Milk|Buffalo Milk|Mint|Honey|Invigorating Honey|Mellow Honey|Royal Honey"
"Other","Banana Juice","260","Pet Training Up Lv. 1","Slight","","","","","","Banana","","","","Lemon|Milk|Buffalo Milk|Yogurt|Fruit Yogurt|Yogurt +|Honey|Invigorating Honey|Mellow Honey|Royal Honey"
"Other","Mango Juice","260","Pet Training Up Lv. 1","Slight","","","","","","Mango","","","","Lemon|Milk|Buffalo Milk|Yogurt|Fruit Yogurt|Yogurt +|Honey|Invigorating Honey|Mellow Honey|Royal Honey"
"Mains","Egg Over Rice","248","None","Moderate","","","","","","Egg|Silkie Egg","Cooked Rice","","","Green Onion|Cheese|Herb Cheese|Cheese +|Soy Sauce|Salt|Pepper"
"Sides","Miso Glazed Eggplant","246","Max Stamina Up Lv. 1","Slight","","","","","","Eggplant","Miso","","","Soy Sauce|Sugar|Oil"
"Sides","Toast","234","Max Stamina Up Lv. 1","Slight","","","","","","Bread|White Bread","","","","Butter|Herb Butter|Butter +|Mayonnaise|Herb Mayonnaise|Mayonnaise +|Honey|Invigorating Honey|Mellow Honey|Royal Honey"
"Other","Grape Juice","228","Pet Training Up Lv. 1","Slight","","","","","","Red Grapes","","","","Lemon|Milk|Buffalo Milk|Yogurt|Fruit Yogurt|Yogurt +|Honey|Invigorating Honey|Mellow Honey|Royal Honey"
"Other","Apple Juice","221","Pet Training Up Lv. 1","Slight","","","","","","Apple","","","","Lemon|Milk|Buffalo Milk|Yogurt|Fruit Yogurt|Yogurt +|Honey|Invigorating Honey|Mellow Honey|Royal Honey"
"Sides","Tofu","205","Max Stamina Up Lv. 1","Slight","","","","","","Soybean","Soy Milk","","","Green Onion|Soy Sauce|Salt|Oil|Seaweed|Urchin"
"Sides","Baked Sweet Potato","202","Chat Friendship Boost Lv. 1","Slight","","","","","","Sweet Potato","","","","Sugar|Butter|Herb Butter|Butter +|Honey|Invigorating Honey|Mellow Honey|Royal Honey|Soy Sauce|Oil"
"Sides","Fried Mushrooms","195","Max Stamina Up Lv. 1","Slight","","","","","","Shiitake Mushroom|Shimeji Mushroom|Common Mushroom|Porcini Mushroom|Morel Mushroom|Matsutake Mushroom|Monarch Mushroom","","","","Salt|Pepper|Nut Oil|Herb Oil|Olive Oil"
"Sides","Sashimi","195","Rod Durability Up Lv. 1","Slight","","","","","","Amur Minnow|Dace|Pale Chub|Sculpin|Dark Chub|Bitterling|Tamoroko|Rainbow Trout|Silver Carp|Basa","","","","Daikon Radish|Carrot|Soy Sauce"
"Sides","Fish Cake","195","Rod Durability Up Lv. 1","Slight","","","","","","Amur Minnow|Dace|Pale Chub|Sculpin|Dark Chub|Bitterling|Tamoroko|Rainbow Trout|Silver Carp|Basa","","","","Avocado|Cheese|Herb Cheese|Cheese +|Soy Sauce"
"Sides","Bread","195","None","Slight","","","","","Madeleine","Wheat Flour","","","","Milk|Buffalo Milk|Butter|Herb Butter|Butter +|Sugar|Salt"
"Mains","Grilled Fish","195","None","Slight","","","","","","Amur Minnow|Dace|Pale Chub|Sculpin|Dark Chub|Bitterling|Tamoroko|Rainbow Trout|Silver Carp|Basa","","","","Daikon Radish|Soy Sauce"
"Other","Warm Milk","195","Chat Friendship Boost Lv. 1","Slight","Hearth Day","","","","","Milk|Buffalo Milk","","","","Banana|Honey|Invigorating Honey|Mellow Honey|Royal Honey|Chocolate|Soybean Flour"
"Other","Green Tea","182","Chat Friendship Boost Lv. 1","Slight","Hearth Day","","","","Madeleine","Green Tea Tin","","","","Milk|Buffalo Milk|Sugar"
"Other","Cherry Juice","182","Pet Training Up Lv. 1","Slight","","","","","","Cherry","","","","Lemon|Milk|Buffalo Milk|Yogurt|Fruit Yogurt|Yogurt +|Honey|Invigorating Honey|Mellow Honey|Royal Honey"
"Other","Peach Juice","182","Pet Training Up Lv. 1","Slight","","","","","","Peach","","","","Lemon|Milk|Buffalo Milk|Yogurt|Fruit Yogurt|Yogurt +|Honey|Invigorating Honey|Mellow Honey|Royal Honey"
"Other","Orange Juice","180","Pet Training Up Lv. 1","Slight","","","","","","Orange","","","","Lemon|Milk|Buffalo Milk|Yogurt|Fruit Yogurt|Yogurt +|Honey|Invigorating Honey|Mellow Honey|Royal Honey"
"Other","Lemon Juice","176","Pet Training Up Lv. 1","Slight","","","","","","Lemon","","","","Lemon|Milk|Buffalo Milk|Yogurt|Fruit Yogurt|Yogurt +|Honey|Invigorating Honey|Mellow Honey|Royal Honey"
"Other","Blueberry Juice","163","Pet Training Up Lv. 1","Slight","","","","","","Blueberry","","","","Lemon|Milk|Buffalo Milk|Yogurt|Fruit Yogurt|Yogurt +|Honey|Invigorating Honey|Mellow Honey|Royal Honey"
"Other","Strawberry Juice","156","Chat Friendship Boost Lv. 1","Slight","","","","","","Strawberry","","","","Lemon|Milk|Buffalo Milk|Yogurt|Fruit Yogurt|Yogurt +|Honey|Invigorating Honey|Mellow Honey|Royal Honey"
"Salads","Herb Salad","137","Stamina Saver Lv. 1","Slight","","Green-Colored Recipes","Sophie","","","Mint|Chamomile|Lavender","Mint|Chamomile|Lavender","","","Broccoli|Tomato|Boiled Egg|Olive Oil|Salt|Pepper"
"Soups","Herb Soup","137","Run Speed Up Lv. 1","Slight","Hearth Day","","","","","Mint|Chamomile|Lavender","Mint|Chamomile|Lavender","","","Onion|Cabbage|Carrot|Broccoli|Salt|Olive Oil"
"Other","Happy Forest Mix","130","Happy Energy Gain Lv. 1","Slight","","","","","","Walnut","","","","Sugar|Salt|Walnut|Milk|Buffalo Milk|Honey|Invigorating Honey|Mellow Honey|Royal Honey"
"Salads","Tomato Salad","126","Stamina Saver Lv. 1","Slight","","","","Sophie","","Tomato","Mint|Chamomile|Lavender","","","Cucumber|Red Bell Pepper|Cheese|Herb Cheese|Cheese +"
"Soups","Egg Drop Soup","117","Run Speed Up Lv. 1","Slight","Hearth Day","","","","","Egg|Silkie Egg","","","","Green Onion|Soy Sauce|Salt|Pepper|Oil"
"Sides","Boiled Egg","117","Max Stamina Up Lv. 1","Slight","","","","","","Egg|Silkie Egg","","","","Broccoli|Mayonnaise|Herb Mayonnaise|Mayonnaise +|Salt"
"Sides","Cooked Rice","91","None","Slight","","","","","","Rice","","","","Salt|Simmered Seaweed"
"Other","Soy Milk","85","Max Stamina Up Lv. 1","Slight","","","","","","Soybean","","","","Banana|Honey|Invigorating Honey|Mellow Honey|Royal Honey|Black Tea Tin|Sugar|Soybean Flour"
"Other","Tomato Juice","55","Chat Friendship Boost Lv. 1","Slight","","","","","","Tomato","","","","Lemon|Mint|Salt"
